source_file,date_time_original,model
/Users/lucy/Library/CloudStorage/OneDrive-Personal/Projects/2024-074-sern-fraser-fish-passage/data/photos/sorted/15600277/IMG_6193.JPG,2024:09:15 11:07:17,iPhone 13 Pro Max
/Users/lucy/Library/CloudStorage/OneDrive-Personal/Projects/2024-074-sern-fraser-fish-passage/data/photos/sorted/15600277/20240915_124654_ds_typical_1.JPG,2024:09:15 11:07:17,iPhone 13 Pro Max
/Users/lucy/Library/CloudStorage/OneDrive-Personal/Projects/2024-074-sern-fraser-fish-passage/data/photos/sorted/15600277/IMG_6195.JPG,2024:09:15 12:14:59,iPhone 13 Pro Max
/Users/lucy/Library/CloudStorage/OneDrive-Personal/Projects/2024-074-sern-fraser-fish-passage/data/photos/sorted/15600277/20240915_124701_ds_typical_2.JPG,2024:09:15 12:14:59,iPhone 13 Pro Max
/Users/lucy/Library/CloudStorage/OneDrive-Personal/Projects/2024-074-sern-fraser-fish-passage/data/photos/sorted/15600277/IMG_6202.JPG,2024:09:15 12:31:13,iPhone 13 Pro Max
/Users/lucy/Library/CloudStorage/OneDrive-Personal/Projects/2024-074-sern-fraser-fish-passage/data/photos/sorted/15600277/20240915_124555_ds_gravel.JPG,2024:09:15 12:31:13,iPhone 13 Pro Max
/Users/lucy/Library/CloudStorage/OneDrive-Personal/Projects/2024-074-sern-fraser-fish-passage/data/photos/sorted/15604478/IMG_6230.JPG,2024:09:15 15:49:43,iPhone 13 Pro Max
/Users/lucy/Library/CloudStorage/OneDrive-Personal/Projects/2024-074-sern-fraser-fish-passage/data/photos/sorted/15604478/20240915_161202_us_typical_2.JPG,2024:09:15 15:49:43,iPhone 13 Pro Max
/Users/lucy/Library/CloudStorage/OneDrive-Personal/Projects/2024-074-sern-fraser-fish-passage/data/photos/sorted/15604478/IMG_6240.JPG,2024:09:15 15:58:04,iPhone 13 Pro Max
/Users/lucy/Library/CloudStorage/OneDrive-Personal/Projects/2024-074-sern-fraser-fish-passage/data/photos/sorted/15604478/20240915_161148_us_typical_1.JPG,2024:09:15 15:58:04,iPhone 13 Pro Max
/Users/lucy/Library/CloudStorage/OneDrive-Personal/Projects/2024-074-sern-fraser-fish-passage/data/photos/sorted/15604478/IMG_6246.JPG,2024:09:15 16:01:08,iPhone 13 Pro Max
/Users/lucy/Library/CloudStorage/OneDrive-Personal/Projects/2024-074-sern-fraser-fish-passage/data/photos/sorted/15604478/20240915_161208_us_gravel.JPG,2024:09:15 16:01:08,iPhone 13 Pro Max
/Users/lucy/Library/CloudStorage/OneDrive-Personal/Projects/2024-074-sern-fraser-fish-passage/data/photos/sorted/15604478/IMG_6249.JPG,2024:09:15 16:08:10,iPhone 13 Pro Max
/Users/lucy/Library/CloudStorage/OneDrive-Personal/Projects/2024-074-sern-fraser-fish-passage/data/photos/sorted/15604478/20240915_161137_us_pool.JPG,2024:09:15 16:08:10,iPhone 13 Pro Max
/Users/lucy/Library/CloudStorage/OneDrive-Personal/Projects/2024-074-sern-fraser-fish-passage/data/photos/sorted/5400202/TC_00680.JPG,2024:10:03 15:12:32,iPhone 12 mini
/Users/lucy/Library/CloudStorage/OneDrive-Personal/Projects/2024-074-sern-fraser-fish-passage/data/photos/sorted/5400202/20241003_153324_ds_typical_2.JPG,2024:10:03 15:12:32,iPhone 12 mini
/Users/lucy/Library/CloudStorage/OneDrive-Personal/Projects/2024-074-sern-fraser-fish-passage/data/photos/sorted/5400202/TC_00683.JPG,2024:10:03 15:17:47,iPhone 12 mini
/Users/lucy/Library/CloudStorage/OneDrive-Personal/Projects/2024-074-sern-fraser-fish-passage/data/photos/sorted/5400202/20241003_153316_ds_gravel.JPG,2024:10:03 15:17:47,iPhone 12 mini
/Users/lucy/Library/CloudStorage/OneDrive-Personal/Projects/2024-074-sern-fraser-fish-passage/data/photos/sorted/5400202/TC_00686.JPG,2024:10:03 15:24:42,iPhone 12 mini
/Users/lucy/Library/CloudStorage/OneDrive-Personal/Projects/2024-074-sern-fraser-fish-passage/data/photos/sorted/5400202/20241003_153320_ds_typical_1.JPG,2024:10:03 15:24:42,iPhone 12 mini
/Users/lucy/Library/CloudStorage/OneDrive-Personal/Projects/2024-074-sern-fraser-fish-passage/data/photos/sorted/5400202/TC_00687.JPG,2024:10:03 15:25:20,iPhone 12 mini
/Users/lucy/Library/CloudStorage/OneDrive-Personal/Projects/2024-074-sern-fraser-fish-passage/data/photos/sorted/5400202/20241003_153317_ds_pool.JPG,2024:10:03 15:25:20,iPhone 12 mini
/Users/lucy/Library/CloudStorage/OneDrive-Personal/Projects/2024-074-sern-fraser-fish-passage/data/photos/sorted/5400202/IMG_7294.JPG,2024:10:03 15:31:49,iPhone 13 Pro Max
/Users/lucy/Library/CloudStorage/OneDrive-Personal/Projects/2024-074-sern-fraser-fish-passage/data/photos/sorted/5400202/20241003_165805_us_typical_1.JPG,2024:10:03 15:31:49,iPhone 13 Pro Max
/Users/lucy/Library/CloudStorage/OneDrive-Personal/Projects/2024-074-sern-fraser-fish-passage/data/photos/sorted/5400202/IMG_7295.JPG,2024:10:03 15:32:43,iPhone 13 Pro Max
/Users/lucy/Library/CloudStorage/OneDrive-Personal/Projects/2024-074-sern-fraser-fish-passage/data/photos/sorted/5400202/20241003_165757_us_gravel.JPG,2024:10:03 15:32:43,iPhone 13 Pro Max
/Users/lucy/Library/CloudStorage/OneDrive-Personal/Projects/2024-074-sern-fraser-fish-passage/data/photos/sorted/5400202/TC_00688.JPG,2024:10:03 15:35:17,iPhone 12 mini
/Users/lucy/Library/CloudStorage/OneDrive-Personal/Projects/2024-074-sern-fraser-fish-passage/data/photos/sorted/5400202/20241003_153535_ds_card.JPG,2024:10:03 15:35:17,iPhone 12 mini
/Users/lucy/Library/CloudStorage/OneDrive-Personal/Projects/2024-074-sern-fraser-fish-passage/data/photos/sorted/5400202/IMG_7296.JPG,2024:10:03 15:38:29,iPhone 13 Pro Max
/Users/lucy/Library/CloudStorage/OneDrive-Personal/Projects/2024-074-sern-fraser-fish-passage/data/photos/sorted/5400202/20241003_165811_us_typical_2.JPG,2024:10:03 15:38:29,iPhone 13 Pro Max
/Users/lucy/Library/CloudStorage/OneDrive-Personal/Projects/2024-074-sern-fraser-fish-passage/data/photos/sorted/7622/TC_00694.JPG,2024:10:03 16:01:09,iPhone 12 mini
/Users/lucy/Library/CloudStorage/OneDrive-Personal/Projects/2024-074-sern-fraser-fish-passage/data/photos/sorted/7622/20241003_170158_us_pool.JPG,2024:10:03 16:01:09,iPhone 12 mini
/Users/lucy/Library/CloudStorage/OneDrive-Personal/Projects/2024-074-sern-fraser-fish-passage/data/photos/sorted/7622/TC_00701.JPG,2024:10:03 16:34:35,iPhone 12 mini
/Users/lucy/Library/CloudStorage/OneDrive-Personal/Projects/2024-074-sern-fraser-fish-passage/data/photos/sorted/7622/20241003_170151_us_gravel.JPG,2024:10:03 16:34:35,iPhone 12 mini
/Users/lucy/Library/CloudStorage/OneDrive-Personal/Projects/2024-074-sern-fraser-fish-passage/data/photos/sorted/7622/TC_00702.JPG,2024:10:03 16:34:38,iPhone 12 mini
/Users/lucy/Library/CloudStorage/OneDrive-Personal/Projects/2024-074-sern-fraser-fish-passage/data/photos/sorted/7622/20241003_170204_us_typical_1.JPG,2024:10:03 16:34:38,iPhone 12 mini
/Users/lucy/Library/CloudStorage/OneDrive-Personal/Projects/2024-074-sern-fraser-fish-passage/data/photos/sorted/7622/TC_00703.JPG,2024:10:03 16:34:41,iPhone 12 mini
/Users/lucy/Library/CloudStorage/OneDrive-Personal/Projects/2024-074-sern-fraser-fish-passage/data/photos/sorted/7622/20241003_170209_us_typical_2.JPG,2024:10:03 16:34:41,iPhone 12 mini
/Users/lucy/Library/CloudStorage/OneDrive-Personal/Projects/2024-074-sern-fraser-fish-passage/data/photos/sorted/7622/TC_00721.JPG,2024:10:03 17:23:13,iPhone 12 mini
/Users/lucy/Library/CloudStorage/OneDrive-Personal/Projects/2024-074-sern-fraser-fish-passage/data/photos/sorted/7622/20241003_172322_us_card.JPG,2024:10:03 17:23:13,iPhone 12 mini
/Users/lucy/Library/CloudStorage/OneDrive-Personal/Projects/2024-074-sern-fraser-fish-passage/data/photos/sorted/5400203/TC_00738.JPG,2024:10:04 10:06:15,iPhone 12 mini
/Users/lucy/Library/CloudStorage/OneDrive-Personal/Projects/2024-074-sern-fraser-fish-passage/data/photos/sorted/5400203/20241004_112859_us_typical_2.JPG,2024:10:04 10:06:15,iPhone 12 mini
/Users/lucy/Library/CloudStorage/OneDrive-Personal/Projects/2024-074-sern-fraser-fish-passage/data/photos/sorted/5400203/TC_00746.JPG,2024:10:04 10:10:03,iPhone 12 mini
/Users/lucy/Library/CloudStorage/OneDrive-Personal/Projects/2024-074-sern-fraser-fish-passage/data/photos/sorted/5400203/20241004_112945_us_extra4.JPG,2024:10:04 10:10:03,iPhone 12 mini
/Users/lucy/Library/CloudStorage/OneDrive-Personal/Projects/2024-074-sern-fraser-fish-passage/data/photos/sorted/5400203/IMG_7323.JPG,2024:10:04 10:15:55,iPhone 13 Pro Max
/Users/lucy/Library/CloudStorage/OneDrive-Personal/Projects/2024-074-sern-fraser-fish-passage/data/photos/sorted/5400203/20241004_103157_ds_typical_1.JPG,2024:10:04 10:15:55,iPhone 13 Pro Max
/Users/lucy/Library/CloudStorage/OneDrive-Personal/Projects/2024-074-sern-fraser-fish-passage/data/photos/sorted/5400203/IMG_7325.JPG,2024:10:04 10:22:41,iPhone 13 Pro Max
/Users/lucy/Library/CloudStorage/OneDrive-Personal/Projects/2024-074-sern-fraser-fish-passage/data/photos/sorted/5400203/20241004_103159_ds_typical_2.JPG,2024:10:04 10:22:41,iPhone 13 Pro Max
/Users/lucy/Library/CloudStorage/OneDrive-Personal/Projects/2024-074-sern-fraser-fish-passage/data/photos/sorted/5400203/IMG_7326.JPG,2024:10:04 10:28:07,iPhone 13 Pro Max
/Users/lucy/Library/CloudStorage/OneDrive-Personal/Projects/2024-074-sern-fraser-fish-passage/data/photos/sorted/5400203/20241004_103134_ds_pool.JPG,2024:10:04 10:28:07,iPhone 13 Pro Max
/Users/lucy/Library/CloudStorage/OneDrive-Personal/Projects/2024-074-sern-fraser-fish-passage/data/photos/sorted/5400203/IMG_7328.JPG,2024:10:04 10:31:13,iPhone 13 Pro Max
/Users/lucy/Library/CloudStorage/OneDrive-Personal/Projects/2024-074-sern-fraser-fish-passage/data/photos/sorted/5400203/20241004_103204_ds_galabayrdlot.JPG,2024:10:04 10:31:13,iPhone 13 Pro Max
/Users/lucy/Library/CloudStorage/OneDrive-Personal/Projects/2024-074-sern-fraser-fish-passage/data/photos/sorted/5400203/IMG_7329.JPG,2024:10:04 10:37:32,iPhone 13 Pro Max
/Users/lucy/Library/CloudStorage/OneDrive-Personal/Projects/2024-074-sern-fraser-fish-passage/data/photos/sorted/5400203/20241004_103746_ds_gravel.JPG,2024:10:04 10:37:32,iPhone 13 Pro Max
/Users/lucy/Library/CloudStorage/OneDrive-Personal/Projects/2024-074-sern-fraser-fish-passage/data/photos/sorted/5400203/TC_00772.JPG,2024:10:04 10:44:47,iPhone 12 mini
/Users/lucy/Library/CloudStorage/OneDrive-Personal/Projects/2024-074-sern-fraser-fish-passage/data/photos/sorted/5400203/20241004_112928_us_junk.JPG,2024:10:04 10:44:47,iPhone 12 mini
/Users/lucy/Library/CloudStorage/OneDrive-Personal/Projects/2024-074-sern-fraser-fish-passage/data/photos/sorted/5400201/IMG_7341.JPG,2024:10:04 10:56:52,iPhone 13 Pro Max
/Users/lucy/Library/CloudStorage/OneDrive-Personal/Projects/2024-074-sern-fraser-fish-passage/data/photos/sorted/5400201/20241004_111141_ds_gravel.JPG,2024:10:04 10:56:52,iPhone 13 Pro Max
/Users/lucy/Library/CloudStorage/OneDrive-Personal/Projects/2024-074-sern-fraser-fish-passage/data/photos/sorted/5400201/IMG_7342.JPG,2024:10:04 10:58:27,iPhone 13 Pro Max
/Users/lucy/Library/CloudStorage/OneDrive-Personal/Projects/2024-074-sern-fraser-fish-passage/data/photos/sorted/5400201/20241004_111202_ds_typical_2.JPG,2024:10:04 10:58:27,iPhone 13 Pro Max
/Users/lucy/Library/CloudStorage/OneDrive-Personal/Projects/2024-074-sern-fraser-fish-passage/data/photos/sorted/5400203/TC_00777.JPG,2024:10:04 11:01:15,iPhone 12 mini
/Users/lucy/Library/CloudStorage/OneDrive-Personal/Projects/2024-074-sern-fraser-fish-passage/data/photos/sorted/5400203/20241004_112842_us_pool.JPG,2024:10:04 11:01:15,iPhone 12 mini
/Users/lucy/Library/CloudStorage/OneDrive-Personal/Projects/2024-074-sern-fraser-fish-passage/data/photos/sorted/5400201/IMG_7343.JPG,2024:10:04 11:01:15,iPhone 13 Pro Max
/Users/lucy/Library/CloudStorage/OneDrive-Personal/Projects/2024-074-sern-fraser-fish-passage/data/photos/sorted/5400201/20241004_111150_ds_pool.JPG,2024:10:04 11:01:15,iPhone 13 Pro Max
/Users/lucy/Library/CloudStorage/OneDrive-Personal/Projects/2024-074-sern-fraser-fish-passage/data/photos/sorted/5400201/IMG_7347.JPG,2024:10:04 11:06:53,iPhone 13 Pro Max
/Users/lucy/Library/CloudStorage/OneDrive-Personal/Projects/2024-074-sern-fraser-fish-passage/data/photos/sorted/5400201/20241004_111156_ds_typical_1.JPG,2024:10:04 11:06:53,iPhone 13 Pro Max
/Users/lucy/Library/CloudStorage/OneDrive-Personal/Projects/2024-074-sern-fraser-fish-passage/data/photos/sorted/5400201/IMG_7349.JPG,2024:10:04 11:11:30,iPhone 13 Pro Max
/Users/lucy/Library/CloudStorage/OneDrive-Personal/Projects/2024-074-sern-fraser-fish-passage/data/photos/sorted/5400201/20241004_111207_ds_lakealgalbloom.JPG,2024:10:04 11:11:30,iPhone 13 Pro Max
/Users/lucy/Library/CloudStorage/OneDrive-Personal/Projects/2024-074-sern-fraser-fish-passage/data/photos/sorted/5400201/IMG_7350.JPG,2024:10:04 11:13:02,iPhone 13 Pro Max
/Users/lucy/Library/CloudStorage/OneDrive-Personal/Projects/2024-074-sern-fraser-fish-passage/data/photos/sorted/5400201/20241004_111309_ds_ripraparmour.JPG,2024:10:04 11:13:02,iPhone 13 Pro Max
/Users/lucy/Library/CloudStorage/OneDrive-Personal/Projects/2024-074-sern-fraser-fish-passage/data/photos/sorted/5400203/TC_00787.JPG,2024:10:04 11:13:16,iPhone 12 mini
/Users/lucy/Library/CloudStorage/OneDrive-Personal/Projects/2024-074-sern-fraser-fish-passage/data/photos/sorted/5400203/20241004_112905_us_beaverdam.JPG,2024:10:04 11:13:16,iPhone 12 mini
/Users/lucy/Library/CloudStorage/OneDrive-Personal/Projects/2024-074-sern-fraser-fish-passage/data/photos/sorted/5400203/TC_00790.JPG,2024:10:04 11:18:49,iPhone 12 mini
/Users/lucy/Library/CloudStorage/OneDrive-Personal/Projects/2024-074-sern-fraser-fish-passage/data/photos/sorted/5400203/20241004_112915_us_wetland.JPG,2024:10:04 11:18:49,iPhone 12 mini
/Users/lucy/Library/CloudStorage/OneDrive-Personal/Projects/2024-074-sern-fraser-fish-passage/data/photos/sorted/5400203/TC_00793.JPG,2024:10:04 11:46:08,iPhone 12 mini
/Users/lucy/Library/CloudStorage/OneDrive-Personal/Projects/2024-074-sern-fraser-fish-passage/data/photos/sorted/5400203/20241004_123044_us_gravel.JPG,2024:10:04 11:46:08,iPhone 12 mini
/Users/lucy/Library/CloudStorage/OneDrive-Personal/Projects/2024-074-sern-fraser-fish-passage/data/photos/sorted/15600285/IMG_7358.JPG,2024:10:04 12:23:07,iPhone 13 Pro Max
/Users/lucy/Library/CloudStorage/OneDrive-Personal/Projects/2024-074-sern-fraser-fish-passage/data/photos/sorted/15600285/20241004_130203_us_typical_2.JPG,2024:10:04 12:23:07,iPhone 13 Pro Max
/Users/lucy/Library/CloudStorage/OneDrive-Personal/Projects/2024-074-sern-fraser-fish-passage/data/photos/sorted/5400203/TC_00794.JPG,2024:10:04 12:30:31,iPhone 12 mini
/Users/lucy/Library/CloudStorage/OneDrive-Personal/Projects/2024-074-sern-fraser-fish-passage/data/photos/sorted/5400203/20241004_123049_us_card.JPG,2024:10:04 12:30:31,iPhone 12 mini
/Users/lucy/Library/CloudStorage/OneDrive-Personal/Projects/2024-074-sern-fraser-fish-passage/data/photos/sorted/15600285/IMG_7368.JPG,2024:10:04 12:51:22,iPhone 13 Pro Max
/Users/lucy/Library/CloudStorage/OneDrive-Personal/Projects/2024-074-sern-fraser-fish-passage/data/photos/sorted/15600285/20241004_130141_us_gravel.JPG,2024:10:04 12:51:22,iPhone 13 Pro Max
/Users/lucy/Library/CloudStorage/OneDrive-Personal/Projects/2024-074-sern-fraser-fish-passage/data/photos/sorted/15600285/IMG_7370.JPG,2024:10:04 12:54:11,iPhone 13 Pro Max
/Users/lucy/Library/CloudStorage/OneDrive-Personal/Projects/2024-074-sern-fraser-fish-passage/data/photos/sorted/15600285/20241004_130153_us_typical_1.JPG,2024:10:04 12:54:11,iPhone 13 Pro Max
/Users/lucy/Library/CloudStorage/OneDrive-Personal/Projects/2024-074-sern-fraser-fish-passage/data/photos/sorted/15600285/IMG_7371.JPG,2024:10:04 13:03:51,iPhone 13 Pro Max
/Users/lucy/Library/CloudStorage/OneDrive-Personal/Projects/2024-074-sern-fraser-fish-passage/data/photos/sorted/15600285/20241004_130401_us_pool.JPG,2024:10:04 13:03:51,iPhone 13 Pro Max
/Users/lucy/Library/CloudStorage/OneDrive-Personal/Projects/2024-074-sern-fraser-fish-passage/data/photos/sorted/15600285/TC_00819.JPG,2024:10:04 13:14:35,iPhone 12 mini
/Users/lucy/Library/CloudStorage/OneDrive-Personal/Projects/2024-074-sern-fraser-fish-passage/data/photos/sorted/15600285/20241004_134617_ds_oldbeaverdam.JPG,2024:10:04 13:14:35,iPhone 12 mini
/Users/lucy/Library/CloudStorage/OneDrive-Personal/Projects/2024-074-sern-fraser-fish-passage/data/photos/sorted/15600285/TC_00821.JPG,2024:10:04 13:15:52,iPhone 12 mini
/Users/lucy/Library/CloudStorage/OneDrive-Personal/Projects/2024-074-sern-fraser-fish-passage/data/photos/sorted/15600285/20241004_134638_ds_extra4.JPG,2024:10:04 13:15:52,iPhone 12 mini
/Users/lucy/Library/CloudStorage/OneDrive-Personal/Projects/2024-074-sern-fraser-fish-passage/data/photos/sorted/15600285/IMG_7372.JPG,2024:10:04 13:20:03,iPhone 13 Pro Max
/Users/lucy/Library/CloudStorage/OneDrive-Personal/Projects/2024-074-sern-fraser-fish-passage/data/photos/sorted/15600285/20241004_132020_us_card.JPG,2024:10:04 13:20:03,iPhone 13 Pro Max
/Users/lucy/Library/CloudStorage/OneDrive-Personal/Projects/2024-074-sern-fraser-fish-passage/data/photos/sorted/15600285/TC_00825.JPG,2024:10:04 13:21:43,iPhone 12 mini
/Users/lucy/Library/CloudStorage/OneDrive-Personal/Projects/2024-074-sern-fraser-fish-passage/data/photos/sorted/15600285/20241004_134532_ds_gravel.JPG,2024:10:04 13:21:43,iPhone 12 mini
/Users/lucy/Library/CloudStorage/OneDrive-Personal/Projects/2024-074-sern-fraser-fish-passage/data/photos/sorted/15600285/TC_00827.JPG,2024:10:04 13:27:35,iPhone 12 mini
/Users/lucy/Library/CloudStorage/OneDrive-Personal/Projects/2024-074-sern-fraser-fish-passage/data/photos/sorted/15600285/20241004_134552_ds_typical_2.JPG,2024:10:04 13:27:35,iPhone 12 mini
/Users/lucy/Library/CloudStorage/OneDrive-Personal/Projects/2024-074-sern-fraser-fish-passage/data/photos/sorted/15600285/TC_00829.JPG,2024:10:04 13:31:12,iPhone 12 mini
/Users/lucy/Library/CloudStorage/OneDrive-Personal/Projects/2024-074-sern-fraser-fish-passage/data/photos/sorted/15600285/20241004_134547_ds_typical_1.JPG,2024:10:04 13:31:12,iPhone 12 mini
/Users/lucy/Library/CloudStorage/OneDrive-Personal/Projects/2024-074-sern-fraser-fish-passage/data/photos/sorted/15600285/TC_00831.JPG,2024:10:04 13:37:32,iPhone 12 mini
/Users/lucy/Library/CloudStorage/OneDrive-Personal/Projects/2024-074-sern-fraser-fish-passage/data/photos/sorted/15600285/20241004_134542_ds_pool.JPG,2024:10:04 13:37:32,iPhone 12 mini
/Users/lucy/Library/CloudStorage/OneDrive-Personal/Projects/2024-074-sern-fraser-fish-passage/data/photos/sorted/15600285/TC_00835.JPG,2024:10:04 13:40:58,iPhone 12 mini
/Users/lucy/Library/CloudStorage/OneDrive-Personal/Projects/2024-074-sern-fraser-fish-passage/data/photos/sorted/15600285/20241004_134559_ds_manmadetrench.JPG,2024:10:04 13:40:58,iPhone 12 mini
/Users/lucy/Library/CloudStorage/OneDrive-Personal/Projects/2024-074-sern-fraser-fish-passage/data/photos/sorted/15600285/TC_00840.JPG,2024:10:04 13:42:09,iPhone 12 mini
/Users/lucy/Library/CloudStorage/OneDrive-Personal/Projects/2024-074-sern-fraser-fish-passage/data/photos/sorted/15600285/20241004_134626_ds_trench.JPG,2024:10:04 13:42:09,iPhone 12 mini
/Users/lucy/Library/CloudStorage/OneDrive-Personal/Projects/2024-074-sern-fraser-fish-passage/data/photos/sorted/15600285/TC_00845.JPG,2024:10:04 14:03:37,iPhone 12 mini
/Users/lucy/Library/CloudStorage/OneDrive-Personal/Projects/2024-074-sern-fraser-fish-passage/data/photos/sorted/15600285/20241004_140350_ds_card.JPG,2024:10:04 14:03:37,iPhone 12 mini
/Users/lucy/Library/CloudStorage/OneDrive-Personal/Projects/2024-074-sern-fraser-fish-passage/data/photos/sorted/15600119/IMG_7383.JPG,2024:10:04 15:53:35,iPhone 13 Pro Max
/Users/lucy/Library/CloudStorage/OneDrive-Personal/Projects/2024-074-sern-fraser-fish-passage/data/photos/sorted/15600119/20241004_164043_us_gravel.JPG,2024:10:04 15:53:35,iPhone 13 Pro Max
/Users/lucy/Library/CloudStorage/OneDrive-Personal/Projects/2024-074-sern-fraser-fish-passage/data/photos/sorted/15600119/IMG_7384.JPG,2024:10:04 15:57:18,iPhone 13 Pro Max
/Users/lucy/Library/CloudStorage/OneDrive-Personal/Projects/2024-074-sern-fraser-fish-passage/data/photos/sorted/15600119/20241004_164049_us_typical_1.JPG,2024:10:04 15:57:18,iPhone 13 Pro Max
/Users/lucy/Library/CloudStorage/OneDrive-Personal/Projects/2024-074-sern-fraser-fish-passage/data/photos/sorted/15600119/IMG_7385.JPG,2024:10:04 16:03:30,iPhone 13 Pro Max
/Users/lucy/Library/CloudStorage/OneDrive-Personal/Projects/2024-074-sern-fraser-fish-passage/data/photos/sorted/15600119/20241004_164054_us_typical_2.JPG,2024:10:04 16:03:30,iPhone 13 Pro Max
/Users/lucy/Library/CloudStorage/OneDrive-Personal/Projects/2024-074-sern-fraser-fish-passage/data/photos/sorted/15600119/TC_00870.JPG,2024:10:04 16:24:19,iPhone 12 mini
/Users/lucy/Library/CloudStorage/OneDrive-Personal/Projects/2024-074-sern-fraser-fish-passage/data/photos/sorted/15600119/20241004_170151_ds_extra4.JPG,2024:10:04 16:24:19,iPhone 12 mini
/Users/lucy/Library/CloudStorage/OneDrive-Personal/Projects/2024-074-sern-fraser-fish-passage/data/photos/sorted/15600119/TC_00873.JPG,2024:10:04 16:25:29,iPhone 12 mini
/Users/lucy/Library/CloudStorage/OneDrive-Personal/Projects/2024-074-sern-fraser-fish-passage/data/photos/sorted/15600119/20241004_170108_ds_logjam.JPG,2024:10:04 16:25:29,iPhone 12 mini
/Users/lucy/Library/CloudStorage/OneDrive-Personal/Projects/2024-074-sern-fraser-fish-passage/data/photos/sorted/15600119/TC_00896.JPG,2024:10:04 16:47:03,iPhone 12 mini
/Users/lucy/Library/CloudStorage/OneDrive-Personal/Projects/2024-074-sern-fraser-fish-passage/data/photos/sorted/15600119/20241004_170054_ds_typical_2.JPG,2024:10:04 16:47:03,iPhone 12 mini
/Users/lucy/Library/CloudStorage/OneDrive-Personal/Projects/2024-074-sern-fraser-fish-passage/data/photos/sorted/15600119/TC_00897.JPG,2024:10:04 16:51:05,iPhone 12 mini
/Users/lucy/Library/CloudStorage/OneDrive-Personal/Projects/2024-074-sern-fraser-fish-passage/data/photos/sorted/15600119/20241004_170044_ds_pool.JPG,2024:10:04 16:51:05,iPhone 12 mini
/Users/lucy/Library/CloudStorage/OneDrive-Personal/Projects/2024-074-sern-fraser-fish-passage/data/photos/sorted/15600119/TC_00898.JPG,2024:10:04 16:51:08,iPhone 12 mini
/Users/lucy/Library/CloudStorage/OneDrive-Personal/Projects/2024-074-sern-fraser-fish-passage/data/photos/sorted/15600119/20241004_170048_ds_typical_1.JPG,2024:10:04 16:51:08,iPhone 12 mini
/Users/lucy/Library/CloudStorage/OneDrive-Personal/Projects/2024-074-sern-fraser-fish-passage/data/photos/sorted/15600119/TC_00904.JPG,2024:10:04 16:52:55,iPhone 12 mini
/Users/lucy/Library/CloudStorage/OneDrive-Personal/Projects/2024-074-sern-fraser-fish-passage/data/photos/sorted/15600119/20241004_170133_ds_highflow.JPG,2024:10:04 16:52:55,iPhone 12 mini
/Users/lucy/Library/CloudStorage/OneDrive-Personal/Projects/2024-074-sern-fraser-fish-passage/data/photos/sorted/15600119/TC_00909.JPG,2024:10:04 17:06:06,iPhone 12 mini
/Users/lucy/Library/CloudStorage/OneDrive-Personal/Projects/2024-074-sern-fraser-fish-passage/data/photos/sorted/15600119/20241004_170613_ds_card.JPG,2024:10:04 17:06:06,iPhone 12 mini
/Users/lucy/Library/CloudStorage/OneDrive-Personal/Projects/2024-074-sern-fraser-fish-passage/data/photos/sorted/15600119/TC_00910.JPG,2024:10:04 17:07:23,iPhone 12 mini
/Users/lucy/Library/CloudStorage/OneDrive-Personal/Projects/2024-074-sern-fraser-fish-passage/data/photos/sorted/15600119/20241004_170732_ds_gravel.JPG,2024:10:04 17:07:23,iPhone 12 mini
/Users/lucy/Library/CloudStorage/OneDrive-Personal/Projects/2024-074-sern-fraser-fish-passage/data/photos/sorted/9902577/IMG_7415.JPG,2024:10:05 10:12:00,iPhone 13 Pro Max
/Users/lucy/Library/CloudStorage/OneDrive-Personal/Projects/2024-074-sern-fraser-fish-passage/data/photos/sorted/9902577/20241005_101217_us_lwdcut.JPG,2024:10:05 10:12:00,iPhone 13 Pro Max
/Users/lucy/Library/CloudStorage/OneDrive-Personal/Projects/2024-074-sern-fraser-fish-passage/data/photos/sorted/9902577/IMG_7417.JPG,2024:10:05 10:30:49,iPhone 13 Pro Max
/Users/lucy/Library/CloudStorage/OneDrive-Personal/Projects/2024-074-sern-fraser-fish-passage/data/photos/sorted/9902577/20241005_103102_us_pool.JPG,2024:10:05 10:30:49,iPhone 13 Pro Max
/Users/lucy/Library/CloudStorage/OneDrive-Personal/Projects/2024-074-sern-fraser-fish-passage/data/photos/sorted/9902577/IMG_7418.JPG,2024:10:05 10:33:17,iPhone 13 Pro Max
/Users/lucy/Library/CloudStorage/OneDrive-Personal/Projects/2024-074-sern-fraser-fish-passage/data/photos/sorted/9902577/20241005_110238_us_typical_1.JPG,2024:10:05 10:33:17,iPhone 13 Pro Max
/Users/lucy/Library/CloudStorage/OneDrive-Personal/Projects/2024-074-sern-fraser-fish-passage/data/photos/sorted/9902577/IMG_7419.JPG,2024:10:05 10:40:27,iPhone 13 Pro Max
/Users/lucy/Library/CloudStorage/OneDrive-Personal/Projects/2024-074-sern-fraser-fish-passage/data/photos/sorted/9902577/20241005_110231_us_gravel.JPG,2024:10:05 10:40:27,iPhone 13 Pro Max
/Users/lucy/Library/CloudStorage/OneDrive-Personal/Projects/2024-074-sern-fraser-fish-passage/data/photos/sorted/9902577/IMG_7420.JPG,2024:10:05 10:43:34,iPhone 13 Pro Max
/Users/lucy/Library/CloudStorage/OneDrive-Personal/Projects/2024-074-sern-fraser-fish-passage/data/photos/sorted/9902577/20241005_110242_us_typical_2.JPG,2024:10:05 10:43:34,iPhone 13 Pro Max
/Users/lucy/Library/CloudStorage/OneDrive-Personal/Projects/2024-074-sern-fraser-fish-passage/data/photos/sorted/9902577/IMG_7422.JPG,2024:10:05 11:06:01,iPhone 13 Pro Max
/Users/lucy/Library/CloudStorage/OneDrive-Personal/Projects/2024-074-sern-fraser-fish-passage/data/photos/sorted/9902577/20241005_110609_us_beaverevidence.JPG,2024:10:05 11:06:01,iPhone 13 Pro Max
/Users/lucy/Library/CloudStorage/OneDrive-Personal/Projects/2024-074-sern-fraser-fish-passage/data/photos/sorted/9902577/IMG_7423.JPG,2024:10:05 11:11:03,iPhone 13 Pro Max
/Users/lucy/Library/CloudStorage/OneDrive-Personal/Projects/2024-074-sern-fraser-fish-passage/data/photos/sorted/9902577/20241005_111143_us_hwyslumpriparianprotection.JPG,2024:10:05 11:11:03,iPhone 13 Pro Max
/Users/lucy/Library/CloudStorage/OneDrive-Personal/Projects/2024-074-sern-fraser-fish-passage/data/photos/sorted/9902577/TC_00935.JPG,2024:10:05 11:17:14,iPhone 12 mini
/Users/lucy/Library/CloudStorage/OneDrive-Personal/Projects/2024-074-sern-fraser-fish-passage/data/photos/sorted/9902577/20241005_120119_ds_backwateringattempt.JPG,2024:10:05 11:17:14,iPhone 12 mini
/Users/lucy/Library/CloudStorage/OneDrive-Personal/Projects/2024-074-sern-fraser-fish-passage/data/photos/sorted/9902577/TC_00938.JPG,2024:10:05 11:27:10,iPhone 12 mini
/Users/lucy/Library/CloudStorage/OneDrive-Personal/Projects/2024-074-sern-fraser-fish-passage/data/photos/sorted/9902577/20241005_120105_ds_bankreinforcement.JPG,2024:10:05 11:27:10,iPhone 12 mini
/Users/lucy/Library/CloudStorage/OneDrive-Personal/Projects/2024-074-sern-fraser-fish-passage/data/photos/sorted/9902577/TC_00943.JPG,2024:10:05 11:33:12,iPhone 12 mini
/Users/lucy/Library/CloudStorage/OneDrive-Personal/Projects/2024-074-sern-fraser-fish-passage/data/photos/sorted/9902577/20241005_120135_ds_extra4.JPG,2024:10:05 11:33:12,iPhone 12 mini
/Users/lucy/Library/CloudStorage/OneDrive-Personal/Projects/2024-074-sern-fraser-fish-passage/data/photos/sorted/9902577/TC_00944.JPG,2024:10:05 11:34:25,iPhone 12 mini
/Users/lucy/Library/CloudStorage/OneDrive-Personal/Projects/2024-074-sern-fraser-fish-passage/data/photos/sorted/9902577/20241005_120053_ds_typical_2.JPG,2024:10:05 11:34:25,iPhone 12 mini
/Users/lucy/Library/CloudStorage/OneDrive-Personal/Projects/2024-074-sern-fraser-fish-passage/data/photos/sorted/Mud_rd_Bridge_upper/IMG_7432.JPG,2024:10:05 11:34:54,iPhone 13 Pro Max
/Users/lucy/Library/CloudStorage/OneDrive-Personal/Projects/2024-074-sern-fraser-fish-passage/data/photos/sorted/Mud_rd_Bridge_upper/20241005_113530_NA_typical_1.JPG,2024:10:05 11:34:54,iPhone 13 Pro Max
/Users/lucy/Library/CloudStorage/OneDrive-Personal/Projects/2024-074-sern-fraser-fish-passage/data/photos/sorted/Mud_rd_Bridge_upper/IMG_7433.JPG,2024:10:05 11:34:58,iPhone 13 Pro Max
/Users/lucy/Library/CloudStorage/OneDrive-Personal/Projects/2024-074-sern-fraser-fish-passage/data/photos/sorted/Mud_rd_Bridge_upper/20241005_113533_NA_typical_2.JPG,2024:10:05 11:34:58,iPhone 13 Pro Max
/Users/lucy/Library/CloudStorage/OneDrive-Personal/Projects/2024-074-sern-fraser-fish-passage/data/photos/sorted/Mud_rd_Bridge_upper/IMG_7434.JPG,2024:10:05 11:35:12,iPhone 13 Pro Max
/Users/lucy/Library/CloudStorage/OneDrive-Personal/Projects/2024-074-sern-fraser-fish-passage/data/photos/sorted/Mud_rd_Bridge_upper/20241005_113536_NA_riparianupstream.JPG,2024:10:05 11:35:12,iPhone 13 Pro Max
/Users/lucy/Library/CloudStorage/OneDrive-Personal/Projects/2024-074-sern-fraser-fish-passage/data/photos/sorted/Mud_rd_Bridge_upper/IMG_7435.JPG,2024:10:05 11:35:16,iPhone 13 Pro Max
/Users/lucy/Library/CloudStorage/OneDrive-Personal/Projects/2024-074-sern-fraser-fish-passage/data/photos/sorted/Mud_rd_Bridge_upper/20241005_113553_NA_ripariandownstream.JPG,2024:10:05 11:35:16,iPhone 13 Pro Max
/Users/lucy/Library/CloudStorage/OneDrive-Personal/Projects/2024-074-sern-fraser-fish-passage/data/photos/sorted/Mud_rd_Bridge_upper/IMG_7436.JPG,2024:10:05 11:36:21,iPhone 13 Pro Max
/Users/lucy/Library/CloudStorage/OneDrive-Personal/Projects/2024-074-sern-fraser-fish-passage/data/photos/sorted/Mud_rd_Bridge_upper/20241005_113650_NA_midslopeupstream.JPG,2024:10:05 11:36:21,iPhone 13 Pro Max
/Users/lucy/Library/CloudStorage/OneDrive-Personal/Projects/2024-074-sern-fraser-fish-passage/data/photos/sorted/Mud_rd_Bridge_upper/IMG_7437.JPG,2024:10:05 11:36:36,iPhone 13 Pro Max
/Users/lucy/Library/CloudStorage/OneDrive-Personal/Projects/2024-074-sern-fraser-fish-passage/data/photos/sorted/Mud_rd_Bridge_upper/20241005_113701_NA_extra4.JPG,2024:10:05 11:36:36,iPhone 13 Pro Max
/Users/lucy/Library/CloudStorage/OneDrive-Personal/Projects/2024-074-sern-fraser-fish-passage/data/photos/sorted/9902577/TC_00951.JPG,2024:10:05 11:41:23,iPhone 12 mini
/Users/lucy/Library/CloudStorage/OneDrive-Personal/Projects/2024-074-sern-fraser-fish-passage/data/photos/sorted/9902577/20241005_120047_ds_typical_1.JPG,2024:10:05 11:41:23,iPhone 12 mini
/Users/lucy/Library/CloudStorage/OneDrive-Personal/Projects/2024-074-sern-fraser-fish-passage/data/photos/sorted/Mud_rd_bridge_lower/IMG_7439.JPG,2024:10:05 11:42:58,iPhone 13 Pro Max
/Users/lucy/Library/CloudStorage/OneDrive-Personal/Projects/2024-074-sern-fraser-fish-passage/data/photos/sorted/Mud_rd_bridge_lower/20241005_114410_NA_typical_1.JPG,2024:10:05 11:42:58,iPhone 13 Pro Max
/Users/lucy/Library/CloudStorage/OneDrive-Personal/Projects/2024-074-sern-fraser-fish-passage/data/photos/sorted/Mud_rd_bridge_lower/IMG_7440.JPG,2024:10:05 11:43:10,iPhone 13 Pro Max
/Users/lucy/Library/CloudStorage/OneDrive-Personal/Projects/2024-074-sern-fraser-fish-passage/data/photos/sorted/Mud_rd_bridge_lower/20241005_114412_NA_typical_2.JPG,2024:10:05 11:43:10,iPhone 13 Pro Max
/Users/lucy/Library/CloudStorage/OneDrive-Personal/Projects/2024-074-sern-fraser-fish-passage/data/photos/sorted/Mud_rd_bridge_lower/IMG_7441.JPG,2024:10:05 11:43:25,iPhone 13 Pro Max
/Users/lucy/Library/CloudStorage/OneDrive-Personal/Projects/2024-074-sern-fraser-fish-passage/data/photos/sorted/Mud_rd_bridge_lower/20241005_114436_NA_midslopedownstream.JPG,2024:10:05 11:43:25,iPhone 13 Pro Max
/Users/lucy/Library/CloudStorage/OneDrive-Personal/Projects/2024-074-sern-fraser-fish-passage/data/photos/sorted/Mud_rd_bridge_lower/IMG_7442.JPG,2024:10:05 11:43:35,iPhone 13 Pro Max
/Users/lucy/Library/CloudStorage/OneDrive-Personal/Projects/2024-074-sern-fraser-fish-passage/data/photos/sorted/Mud_rd_bridge_lower/20241005_114421_NA_midslopeupstream.JPG,2024:10:05 11:43:35,iPhone 13 Pro Max
/Users/lucy/Library/CloudStorage/OneDrive-Personal/Projects/2024-074-sern-fraser-fish-passage/data/photos/sorted/Mud_rd_bridge_lower/IMG_7443.JPG,2024:10:05 11:43:52,iPhone 13 Pro Max
/Users/lucy/Library/CloudStorage/OneDrive-Personal/Projects/2024-074-sern-fraser-fish-passage/data/photos/sorted/Mud_rd_bridge_lower/20241005_114451_NA_riparianupstream.JPG,2024:10:05 11:43:52,iPhone 13 Pro Max
/Users/lucy/Library/CloudStorage/OneDrive-Personal/Projects/2024-074-sern-fraser-fish-passage/data/photos/sorted/Mud_rd_bridge_lower/IMG_7444.JPG,2024:10:05 11:43:58,iPhone 13 Pro Max
/Users/lucy/Library/CloudStorage/OneDrive-Personal/Projects/2024-074-sern-fraser-fish-passage/data/photos/sorted/Mud_rd_bridge_lower/20241005_114459_NA_extra4.JPG,2024:10:05 11:43:58,iPhone 13 Pro Max
/Users/lucy/Library/CloudStorage/OneDrive-Personal/Projects/2024-074-sern-fraser-fish-passage/data/photos/sorted/9902577/TC_00955.JPG,2024:10:05 11:45:00,iPhone 12 mini
/Users/lucy/Library/CloudStorage/OneDrive-Personal/Projects/2024-074-sern-fraser-fish-passage/data/photos/sorted/9902577/20241005_120043_ds_pool.JPG,2024:10:05 11:45:00,iPhone 12 mini
/Users/lucy/Library/CloudStorage/OneDrive-Personal/Projects/2024-074-sern-fraser-fish-passage/data/photos/sorted/Mud_River_rd_left_bend_middle/IMG_7445.JPG,2024:10:05 11:56:52,iPhone 13 Pro Max
/Users/lucy/Library/CloudStorage/OneDrive-Personal/Projects/2024-074-sern-fraser-fish-passage/data/photos/sorted/Mud_River_rd_left_bend_middle/20241005_115809_NA_typical_1.JPG,2024:10:05 11:56:52,iPhone 13 Pro Max
/Users/lucy/Library/CloudStorage/OneDrive-Personal/Projects/2024-074-sern-fraser-fish-passage/data/photos/sorted/Mud_River_rd_left_bend_middle/IMG_7446.JPG,2024:10:05 11:57:00,iPhone 13 Pro Max
/Users/lucy/Library/CloudStorage/OneDrive-Personal/Projects/2024-074-sern-fraser-fish-passage/data/photos/sorted/Mud_River_rd_left_bend_middle/20241005_115812_NA_typical_2.JPG,2024:10:05 11:57:00,iPhone 13 Pro Max
/Users/lucy/Library/CloudStorage/OneDrive-Personal/Projects/2024-074-sern-fraser-fish-passage/data/photos/sorted/Mud_River_rd_left_bend_middle/IMG_7447.JPG,2024:10:05 11:57:13,iPhone 13 Pro Max
/Users/lucy/Library/CloudStorage/OneDrive-Personal/Projects/2024-074-sern-fraser-fish-passage/data/photos/sorted/Mud_River_rd_left_bend_middle/20241005_115816_NA_midslopeupstream.JPG,2024:10:05 11:57:13,iPhone 13 Pro Max
/Users/lucy/Library/CloudStorage/OneDrive-Personal/Projects/2024-074-sern-fraser-fish-passage/data/photos/sorted/Mud_River_rd_left_bend_middle/IMG_7448.JPG,2024:10:05 11:57:22,iPhone 13 Pro Max
/Users/lucy/Library/CloudStorage/OneDrive-Personal/Projects/2024-074-sern-fraser-fish-passage/data/photos/sorted/Mud_River_rd_left_bend_middle/20241005_115831_NA_midslopedownstream.JPG,2024:10:05 11:57:22,iPhone 13 Pro Max
/Users/lucy/Library/CloudStorage/OneDrive-Personal/Projects/2024-074-sern-fraser-fish-passage/data/photos/sorted/Mud_River_rd_left_bend_middle/IMG_7449.JPG,2024:10:05 11:57:32,iPhone 13 Pro Max
/Users/lucy/Library/CloudStorage/OneDrive-Personal/Projects/2024-074-sern-fraser-fish-passage/data/photos/sorted/Mud_River_rd_left_bend_middle/20241005_115845_NA_riparianupstream.JPG,2024:10:05 11:57:32,iPhone 13 Pro Max
/Users/lucy/Library/CloudStorage/OneDrive-Personal/Projects/2024-074-sern-fraser-fish-passage/data/photos/sorted/Mud_River_rd_left_bend_middle/IMG_7450.JPG,2024:10:05 11:57:36,iPhone 13 Pro Max
/Users/lucy/Library/CloudStorage/OneDrive-Personal/Projects/2024-074-sern-fraser-fish-passage/data/photos/sorted/Mud_River_rd_left_bend_middle/20241005_115853_NA_extra4.JPG,2024:10:05 11:57:36,iPhone 13 Pro Max
/Users/lucy/Library/CloudStorage/OneDrive-Personal/Projects/2024-074-sern-fraser-fish-passage/data/photos/sorted/9902577/TC_00960.JPG,2024:10:05 11:58:08,iPhone 12 mini
/Users/lucy/Library/CloudStorage/OneDrive-Personal/Projects/2024-074-sern-fraser-fish-passage/data/photos/sorted/9902577/20241005_120040_ds_gravel.JPG,2024:10:05 11:58:08,iPhone 12 mini
/Users/lucy/Library/CloudStorage/OneDrive-Personal/Projects/2024-074-sern-fraser-fish-passage/data/photos/sorted/9902577/TC_00961.JPG,2024:10:05 11:59:05,iPhone 12 mini
/Users/lucy/Library/CloudStorage/OneDrive-Personal/Projects/2024-074-sern-fraser-fish-passage/data/photos/sorted/9902577/20241005_120056_ds_concrete.JPG,2024:10:05 11:59:05,iPhone 12 mini
/Users/lucy/Library/CloudStorage/OneDrive-Personal/Projects/2024-074-sern-fraser-fish-passage/data/photos/sorted/Mud_River_rd_left_bend_Lower/IMG_7451.JPG,2024:10:05 12:08:22,iPhone 13 Pro Max
/Users/lucy/Library/CloudStorage/OneDrive-Personal/Projects/2024-074-sern-fraser-fish-passage/data/photos/sorted/Mud_River_rd_left_bend_Lower/20241005_120930_NA_typical_1.JPG,2024:10:05 12:08:22,iPhone 13 Pro Max
/Users/lucy/Library/CloudStorage/OneDrive-Personal/Projects/2024-074-sern-fraser-fish-passage/data/photos/sorted/Mud_River_rd_left_bend_Lower/IMG_7452.JPG,2024:10:05 12:08:27,iPhone 13 Pro Max
/Users/lucy/Library/CloudStorage/OneDrive-Personal/Projects/2024-074-sern-fraser-fish-passage/data/photos/sorted/Mud_River_rd_left_bend_Lower/20241005_120933_NA_typical_2.JPG,2024:10:05 12:08:27,iPhone 13 Pro Max
/Users/lucy/Library/CloudStorage/OneDrive-Personal/Projects/2024-074-sern-fraser-fish-passage/data/photos/sorted/Mud_River_rd_left_bend_Lower/IMG_7453.JPG,2024:10:05 12:08:38,iPhone 13 Pro Max
/Users/lucy/Library/CloudStorage/OneDrive-Personal/Projects/2024-074-sern-fraser-fish-passage/data/photos/sorted/Mud_River_rd_left_bend_Lower/20241005_120939_NA_midslopeupstream.JPG,2024:10:05 12:08:38,iPhone 13 Pro Max
/Users/lucy/Library/CloudStorage/OneDrive-Personal/Projects/2024-074-sern-fraser-fish-passage/data/photos/sorted/Mud_River_rd_left_bend_Lower/IMG_7454.JPG,2024:10:05 12:08:41,iPhone 13 Pro Max
/Users/lucy/Library/CloudStorage/OneDrive-Personal/Projects/2024-074-sern-fraser-fish-passage/data/photos/sorted/Mud_River_rd_left_bend_Lower/20241005_121000_NA_midslopedownstream.JPG,2024:10:05 12:08:41,iPhone 13 Pro Max
/Users/lucy/Library/CloudStorage/OneDrive-Personal/Projects/2024-074-sern-fraser-fish-passage/data/photos/sorted/Mud_River_rd_left_bend_Lower/IMG_7455.JPG,2024:10:05 12:08:59,iPhone 13 Pro Max
/Users/lucy/Library/CloudStorage/OneDrive-Personal/Projects/2024-074-sern-fraser-fish-passage/data/photos/sorted/Mud_River_rd_left_bend_Lower/20241005_121012_NA_riparianupstream.JPG,2024:10:05 12:08:59,iPhone 13 Pro Max
/Users/lucy/Library/CloudStorage/OneDrive-Personal/Projects/2024-074-sern-fraser-fish-passage/data/photos/sorted/Mud_River_rd_left_bend_Lower/IMG_7456.JPG,2024:10:05 12:09:03,iPhone 13 Pro Max
/Users/lucy/Library/CloudStorage/OneDrive-Personal/Projects/2024-074-sern-fraser-fish-passage/data/photos/sorted/Mud_River_rd_left_bend_Lower/20241005_121028_NA_extra4.JPG,2024:10:05 12:09:03,iPhone 13 Pro Max
/Users/lucy/Library/CloudStorage/OneDrive-Personal/Projects/2024-074-sern-fraser-fish-passage/data/photos/sorted/9902577/TC_00962.JPG,2024:10:05 12:13:41,iPhone 12 mini
/Users/lucy/Library/CloudStorage/OneDrive-Personal/Projects/2024-074-sern-fraser-fish-passage/data/photos/sorted/9902577/20241005_121349_ds_card.JPG,2024:10:05 12:13:41,iPhone 12 mini
/Users/lucy/Library/CloudStorage/OneDrive-Personal/Projects/2024-074-sern-fraser-fish-passage/data/photos/sorted/13903184/IMG_7479.JPG,2024:10:07 11:07:06,iPhone 13 Pro Max
/Users/lucy/Library/CloudStorage/OneDrive-Personal/Projects/2024-074-sern-fraser-fish-passage/data/photos/sorted/13903184/20241007_115643_us_typical_1.JPG,2024:10:07 11:07:06,iPhone 13 Pro Max
/Users/lucy/Library/CloudStorage/OneDrive-Personal/Projects/2024-074-sern-fraser-fish-passage/data/photos/sorted/13903184/TC_00990.JPG,2024:10:07 11:08:36,iPhone 12 mini
/Users/lucy/Library/CloudStorage/OneDrive-Personal/Projects/2024-074-sern-fraser-fish-passage/data/photos/sorted/13903184/20241007_115159_ds_gravel.JPG,2024:10:07 11:08:36,iPhone 12 mini
/Users/lucy/Library/CloudStorage/OneDrive-Personal/Projects/2024-074-sern-fraser-fish-passage/data/photos/sorted/13903184/TC_00994.JPG,2024:10:07 11:15:03,iPhone 12 mini
/Users/lucy/Library/CloudStorage/OneDrive-Personal/Projects/2024-074-sern-fraser-fish-passage/data/photos/sorted/13903184/20241007_115211_ds_pool.JPG,2024:10:07 11:15:03,iPhone 12 mini
/Users/lucy/Library/CloudStorage/OneDrive-Personal/Projects/2024-074-sern-fraser-fish-passage/data/photos/sorted/13903184/TC_01000.JPG,2024:10:07 11:25:44,iPhone 12 mini
/Users/lucy/Library/CloudStorage/OneDrive-Personal/Projects/2024-074-sern-fraser-fish-passage/data/photos/sorted/13903184/20241007_115242_ds_logger.JPG,2024:10:07 11:25:44,iPhone 12 mini
/Users/lucy/Library/CloudStorage/OneDrive-Personal/Projects/2024-074-sern-fraser-fish-passage/data/photos/sorted/13903184/TC_01002.JPG,2024:10:07 11:25:57,iPhone 12 mini
/Users/lucy/Library/CloudStorage/OneDrive-Personal/Projects/2024-074-sern-fraser-fish-passage/data/photos/sorted/13903184/20241007_115218_ds_typical_2.JPG,2024:10:07 11:25:57,iPhone 12 mini
/Users/lucy/Library/CloudStorage/OneDrive-Personal/Projects/2024-074-sern-fraser-fish-passage/data/photos/sorted/13903184/TC_01005.JPG,2024:10:07 11:34:10,iPhone 12 mini
/Users/lucy/Library/CloudStorage/OneDrive-Personal/Projects/2024-074-sern-fraser-fish-passage/data/photos/sorted/13903184/20241007_115254_ds_extra4.JPG,2024:10:07 11:34:10,iPhone 12 mini
/Users/lucy/Library/CloudStorage/OneDrive-Personal/Projects/2024-074-sern-fraser-fish-passage/data/photos/sorted/13903184/TC_01007.JPG,2024:10:07 11:34:15,iPhone 12 mini
/Users/lucy/Library/CloudStorage/OneDrive-Personal/Projects/2024-074-sern-fraser-fish-passage/data/photos/sorted/13903184/20241007_115214_ds_typical_1.JPG,2024:10:07 11:34:15,iPhone 12 mini
/Users/lucy/Library/CloudStorage/OneDrive-Personal/Projects/2024-074-sern-fraser-fish-passage/data/photos/sorted/13903184/IMG_7484.JPG,2024:10:07 11:41:24,iPhone 13 Pro Max
/Users/lucy/Library/CloudStorage/OneDrive-Personal/Projects/2024-074-sern-fraser-fish-passage/data/photos/sorted/13903184/20241007_115710_us_sidechannel.JPG,2024:10:07 11:41:24,iPhone 13 Pro Max
/Users/lucy/Library/CloudStorage/OneDrive-Personal/Projects/2024-074-sern-fraser-fish-passage/data/photos/sorted/13903184/IMG_7485.JPG,2024:10:07 11:42:52,iPhone 13 Pro Max
/Users/lucy/Library/CloudStorage/OneDrive-Personal/Projects/2024-074-sern-fraser-fish-passage/data/photos/sorted/13903184/20241007_115624_us_pool.JPG,2024:10:07 11:42:52,iPhone 13 Pro Max
/Users/lucy/Library/CloudStorage/OneDrive-Personal/Projects/2024-074-sern-fraser-fish-passage/data/photos/sorted/13903184/IMG_7486.JPG,2024:10:07 11:42:59,iPhone 13 Pro Max
/Users/lucy/Library/CloudStorage/OneDrive-Personal/Projects/2024-074-sern-fraser-fish-passage/data/photos/sorted/13903184/20241007_115703_us_typical_2.JPG,2024:10:07 11:42:59,iPhone 13 Pro Max
/Users/lucy/Library/CloudStorage/OneDrive-Personal/Projects/2024-074-sern-fraser-fish-passage/data/photos/sorted/13903184/TC_01011.JPG,2024:10:07 11:43:12,iPhone 12 mini
/Users/lucy/Library/CloudStorage/OneDrive-Personal/Projects/2024-074-sern-fraser-fish-passage/data/photos/sorted/13903184/20241007_115223_ds_gravels.JPG,2024:10:07 11:43:12,iPhone 12 mini
/Users/lucy/Library/CloudStorage/OneDrive-Personal/Projects/2024-074-sern-fraser-fish-passage/data/photos/sorted/13903184/TC_01012.JPG,2024:10:07 11:51:48,iPhone 12 mini
/Users/lucy/Library/CloudStorage/OneDrive-Personal/Projects/2024-074-sern-fraser-fish-passage/data/photos/sorted/13903184/20241007_115307_ds_card.JPG,2024:10:07 11:51:48,iPhone 12 mini
/Users/lucy/Library/CloudStorage/OneDrive-Personal/Projects/2024-074-sern-fraser-fish-passage/data/photos/sorted/13903184/IMG_7489.JPG,2024:10:07 11:56:06,iPhone 13 Pro Max
/Users/lucy/Library/CloudStorage/OneDrive-Personal/Projects/2024-074-sern-fraser-fish-passage/data/photos/sorted/13903184/20241007_115613_us_gravel.JPG,2024:10:07 11:56:06,iPhone 13 Pro Max
/Users/lucy/Library/CloudStorage/OneDrive-Personal/Projects/2024-074-sern-fraser-fish-passage/data/photos/sorted/13903184/IMG_7490.JPG,2024:10:07 12:03:14,iPhone 13 Pro Max
/Users/lucy/Library/CloudStorage/OneDrive-Personal/Projects/2024-074-sern-fraser-fish-passage/data/photos/sorted/13903184/20241007_120325_us_card.JPG,2024:10:07 12:03:14,iPhone 13 Pro Max
/Users/lucy/Library/CloudStorage/OneDrive-Personal/Projects/2024-074-sern-fraser-fish-passage/data/photos/sorted/13903184/TC_01020.JPG,2024:10:07 12:10:28,iPhone 12 mini
/Users/lucy/Library/CloudStorage/OneDrive-Personal/Projects/2024-074-sern-fraser-fish-passage/data/photos/sorted/13903184/20241007_121102_ds_logsandriprap.JPG,2024:10:07 12:10:28,iPhone 12 mini
/Users/lucy/Library/CloudStorage/OneDrive-Personal/Projects/2024-074-sern-fraser-fish-passage/data/photos/sorted/13900260/IMG_7502.JPG,2024:10:07 13:28:01,iPhone 13 Pro Max
/Users/lucy/Library/CloudStorage/OneDrive-Personal/Projects/2024-074-sern-fraser-fish-passage/data/photos/sorted/13900260/20241007_141704_us_gravel.JPG,2024:10:07 13:28:01,iPhone 13 Pro Max
/Users/lucy/Library/CloudStorage/OneDrive-Personal/Projects/2024-074-sern-fraser-fish-passage/data/photos/sorted/13900260/IMG_7503.JPG,2024:10:07 13:28:29,iPhone 13 Pro Max
/Users/lucy/Library/CloudStorage/OneDrive-Personal/Projects/2024-074-sern-fraser-fish-passage/data/photos/sorted/13900260/20241007_141718_us_typical_1.JPG,2024:10:07 13:28:29,iPhone 13 Pro Max
/Users/lucy/Library/CloudStorage/OneDrive-Personal/Projects/2024-074-sern-fraser-fish-passage/data/photos/sorted/13900260/TC_01059.JPG,2024:10:07 13:56:20,iPhone 12 mini
/Users/lucy/Library/CloudStorage/OneDrive-Personal/Projects/2024-074-sern-fraser-fish-passage/data/photos/sorted/13900260/20241007_142517_ds_step.JPG,2024:10:07 13:56:20,iPhone 12 mini
/Users/lucy/Library/CloudStorage/OneDrive-Personal/Projects/2024-074-sern-fraser-fish-passage/data/photos/sorted/13900260/IMG_7507.JPG,2024:10:07 14:01:33,iPhone 13 Pro Max
/Users/lucy/Library/CloudStorage/OneDrive-Personal/Projects/2024-074-sern-fraser-fish-passage/data/photos/sorted/13900260/20241007_141721_us_typical_2.JPG,2024:10:07 14:01:33,iPhone 13 Pro Max
/Users/lucy/Library/CloudStorage/OneDrive-Personal/Projects/2024-074-sern-fraser-fish-passage/data/photos/sorted/13900260/TC_01063.JPG,2024:10:07 14:02:45,iPhone 12 mini
/Users/lucy/Library/CloudStorage/OneDrive-Personal/Projects/2024-074-sern-fraser-fish-passage/data/photos/sorted/13900260/20241007_142535_ds_gravels.JPG,2024:10:07 14:02:45,iPhone 12 mini
/Users/lucy/Library/CloudStorage/OneDrive-Personal/Projects/2024-074-sern-fraser-fish-passage/data/photos/sorted/13900260/TC_01064.JPG,2024:10:07 14:02:49,iPhone 12 mini
/Users/lucy/Library/CloudStorage/OneDrive-Personal/Projects/2024-074-sern-fraser-fish-passage/data/photos/sorted/13900260/20241007_142442_ds_gravel.JPG,2024:10:07 14:02:49,iPhone 12 mini
/Users/lucy/Library/CloudStorage/OneDrive-Personal/Projects/2024-074-sern-fraser-fish-passage/data/photos/sorted/13900260/TC_01068.JPG,2024:10:07 14:06:14,iPhone 12 mini
/Users/lucy/Library/CloudStorage/OneDrive-Personal/Projects/2024-074-sern-fraser-fish-passage/data/photos/sorted/13900260/20241007_142507_ds_na.JPG,2024:10:07 14:06:14,iPhone 12 mini
/Users/lucy/Library/CloudStorage/OneDrive-Personal/Projects/2024-074-sern-fraser-fish-passage/data/photos/sorted/13900260/TC_01070.JPG,2024:10:07 14:06:30,iPhone 12 mini
/Users/lucy/Library/CloudStorage/OneDrive-Personal/Projects/2024-074-sern-fraser-fish-passage/data/photos/sorted/13900260/20241007_142455_ds_typical_1.JPG,2024:10:07 14:06:30,iPhone 12 mini
/Users/lucy/Library/CloudStorage/OneDrive-Personal/Projects/2024-074-sern-fraser-fish-passage/data/photos/sorted/13900260/IMG_7510.JPG,2024:10:07 14:07:37,iPhone 13 Pro Max
/Users/lucy/Library/CloudStorage/OneDrive-Personal/Projects/2024-074-sern-fraser-fish-passage/data/photos/sorted/13900260/20241007_141707_us_pool.JPG,2024:10:07 14:07:37,iPhone 13 Pro Max
/Users/lucy/Library/CloudStorage/OneDrive-Personal/Projects/2024-074-sern-fraser-fish-passage/data/photos/sorted/13900260/TC_01071.JPG,2024:10:07 14:08:45,iPhone 12 mini
/Users/lucy/Library/CloudStorage/OneDrive-Personal/Projects/2024-074-sern-fraser-fish-passage/data/photos/sorted/13900260/20241007_142459_ds_typical_2.JPG,2024:10:07 14:08:45,iPhone 12 mini
/Users/lucy/Library/CloudStorage/OneDrive-Personal/Projects/2024-074-sern-fraser-fish-passage/data/photos/sorted/13900260/TC_01074.JPG,2024:10:07 14:14:15,iPhone 12 mini
/Users/lucy/Library/CloudStorage/OneDrive-Personal/Projects/2024-074-sern-fraser-fish-passage/data/photos/sorted/13900260/20241007_142544_ds_extra4.JPG,2024:10:07 14:14:15,iPhone 12 mini
/Users/lucy/Library/CloudStorage/OneDrive-Personal/Projects/2024-074-sern-fraser-fish-passage/data/photos/sorted/13900260/TC_01078.JPG,2024:10:07 14:17:12,iPhone 12 mini
/Users/lucy/Library/CloudStorage/OneDrive-Personal/Projects/2024-074-sern-fraser-fish-passage/data/photos/sorted/13900260/20241007_142449_ds_pool.JPG,2024:10:07 14:17:12,iPhone 12 mini
/Users/lucy/Library/CloudStorage/OneDrive-Personal/Projects/2024-074-sern-fraser-fish-passage/data/photos/sorted/13900260/IMG_7511.JPG,2024:10:07 14:17:40,iPhone 13 Pro Max
/Users/lucy/Library/CloudStorage/OneDrive-Personal/Projects/2024-074-sern-fraser-fish-passage/data/photos/sorted/13900260/20241007_141746_us_cwhwforest.JPG,2024:10:07 14:17:40,iPhone 13 Pro Max
/Users/lucy/Library/CloudStorage/OneDrive-Personal/Projects/2024-074-sern-fraser-fish-passage/data/photos/sorted/13900260/TC_01084.JPG,2024:10:07 14:24:32,iPhone 12 mini
/Users/lucy/Library/CloudStorage/OneDrive-Personal/Projects/2024-074-sern-fraser-fish-passage/data/photos/sorted/13900260/20241007_142553_ds_card.JPG,2024:10:07 14:24:32,iPhone 12 mini
/Users/lucy/Library/CloudStorage/OneDrive-Personal/Projects/2024-074-sern-fraser-fish-passage/data/photos/sorted/13900260/IMG_7512.JPG,2024:10:07 14:38:56,iPhone 13 Pro Max
/Users/lucy/Library/CloudStorage/OneDrive-Personal/Projects/2024-074-sern-fraser-fish-passage/data/photos/sorted/13900260/20241007_143908_us_card.JPG,2024:10:07 14:38:56,iPhone 13 Pro Max
/Users/lucy/Library/CloudStorage/OneDrive-Personal/Projects/2024-074-sern-fraser-fish-passage/data/photos/sorted/13903617/IMG_7518.JPG,2024:10:07 15:18:45,iPhone 13 Pro Max
/Users/lucy/Library/CloudStorage/OneDrive-Personal/Projects/2024-074-sern-fraser-fish-passage/data/photos/sorted/13903617/20241007_155636_us_typical_1.JPG,2024:10:07 15:18:45,iPhone 13 Pro Max
/Users/lucy/Library/CloudStorage/OneDrive-Personal/Projects/2024-074-sern-fraser-fish-passage/data/photos/sorted/13903617/TC_01099.JPG,2024:10:07 15:26:02,iPhone 12 mini
/Users/lucy/Library/CloudStorage/OneDrive-Personal/Projects/2024-074-sern-fraser-fish-passage/data/photos/sorted/13903617/20241007_162219_ds_na.JPG,2024:10:07 15:26:02,iPhone 12 mini
/Users/lucy/Library/CloudStorage/OneDrive-Personal/Projects/2024-074-sern-fraser-fish-passage/data/photos/sorted/13903617/IMG_7519.JPG,2024:10:07 15:30:12,iPhone 13 Pro Max
/Users/lucy/Library/CloudStorage/OneDrive-Personal/Projects/2024-074-sern-fraser-fish-passage/data/photos/sorted/13903617/20241007_155639_us_typical_2.JPG,2024:10:07 15:30:12,iPhone 13 Pro Max
/Users/lucy/Library/CloudStorage/OneDrive-Personal/Projects/2024-074-sern-fraser-fish-passage/data/photos/sorted/13903617/IMG_7520.JPG,2024:10:07 15:39:22,iPhone 13 Pro Max
/Users/lucy/Library/CloudStorage/OneDrive-Personal/Projects/2024-074-sern-fraser-fish-passage/data/photos/sorted/13903617/20241007_154431_us_gravel.JPG,2024:10:07 15:39:22,iPhone 13 Pro Max
/Users/lucy/Library/CloudStorage/OneDrive-Personal/Projects/2024-074-sern-fraser-fish-passage/data/photos/sorted/13903617/IMG_7521.JPG,2024:10:07 15:44:09,iPhone 13 Pro Max
/Users/lucy/Library/CloudStorage/OneDrive-Personal/Projects/2024-074-sern-fraser-fish-passage/data/photos/sorted/13903617/20241007_154424_us_pool.JPG,2024:10:07 15:44:09,iPhone 13 Pro Max
/Users/lucy/Library/CloudStorage/OneDrive-Personal/Projects/2024-074-sern-fraser-fish-passage/data/photos/sorted/13903617/TC_01103.JPG,2024:10:07 15:45:16,iPhone 12 mini
/Users/lucy/Library/CloudStorage/OneDrive-Personal/Projects/2024-074-sern-fraser-fish-passage/data/photos/sorted/13903617/20241007_162151_ds_pool.JPG,2024:10:07 15:45:16,iPhone 12 mini
/Users/lucy/Library/CloudStorage/OneDrive-Personal/Projects/2024-074-sern-fraser-fish-passage/data/photos/sorted/13903617/TC_01105.JPG,2024:10:07 15:45:21,iPhone 12 mini
/Users/lucy/Library/CloudStorage/OneDrive-Personal/Projects/2024-074-sern-fraser-fish-passage/data/photos/sorted/13903617/20241007_162210_ds_na.JPG,2024:10:07 15:45:21,iPhone 12 mini
/Users/lucy/Library/CloudStorage/OneDrive-Personal/Projects/2024-074-sern-fraser-fish-passage/data/photos/sorted/13903617/TC_01106.JPG,2024:10:07 15:50:07,iPhone 12 mini
/Users/lucy/Library/CloudStorage/OneDrive-Personal/Projects/2024-074-sern-fraser-fish-passage/data/photos/sorted/13903617/20241007_162225_ds_extra4.JPG,2024:10:07 15:50:07,iPhone 12 mini
/Users/lucy/Library/CloudStorage/OneDrive-Personal/Projects/2024-074-sern-fraser-fish-passage/data/photos/sorted/13903617/TC_01112.JPG,2024:10:07 15:51:49,iPhone 12 mini
/Users/lucy/Library/CloudStorage/OneDrive-Personal/Projects/2024-074-sern-fraser-fish-passage/data/photos/sorted/13903617/20241007_162202_ds_wetland.JPG,2024:10:07 15:51:49,iPhone 12 mini
/Users/lucy/Library/CloudStorage/OneDrive-Personal/Projects/2024-074-sern-fraser-fish-passage/data/photos/sorted/13903617/TC_01116.JPG,2024:10:07 15:58:25,iPhone 12 mini
/Users/lucy/Library/CloudStorage/OneDrive-Personal/Projects/2024-074-sern-fraser-fish-passage/data/photos/sorted/13903617/20241007_162157_ds_typical_2.JPG,2024:10:07 15:58:25,iPhone 12 mini
/Users/lucy/Library/CloudStorage/OneDrive-Personal/Projects/2024-074-sern-fraser-fish-passage/data/photos/sorted/13903617/TC_01117.JPG,2024:10:07 15:58:28,iPhone 12 mini
/Users/lucy/Library/CloudStorage/OneDrive-Personal/Projects/2024-074-sern-fraser-fish-passage/data/photos/sorted/13903617/20241007_162154_ds_typical_1.JPG,2024:10:07 15:58:28,iPhone 12 mini
/Users/lucy/Library/CloudStorage/OneDrive-Personal/Projects/2024-074-sern-fraser-fish-passage/data/photos/sorted/13903617/TC_01120.JPG,2024:10:07 16:22:35,iPhone 12 mini
/Users/lucy/Library/CloudStorage/OneDrive-Personal/Projects/2024-074-sern-fraser-fish-passage/data/photos/sorted/13903617/20241007_162246_ds_card.JPG,2024:10:07 16:22:35,iPhone 12 mini
/Users/lucy/Library/CloudStorage/OneDrive-Personal/Projects/2024-074-sern-fraser-fish-passage/data/photos/sorted/13903617/IMG_7530.JPG,2024:10:07 16:43:28,iPhone 13 Pro Max
/Users/lucy/Library/CloudStorage/OneDrive-Personal/Projects/2024-074-sern-fraser-fish-passage/data/photos/sorted/13903617/20241007_164337_us_card.JPG,2024:10:07 16:43:28,iPhone 13 Pro Max
/Users/lucy/Library/CloudStorage/OneDrive-Personal/Projects/2024-074-sern-fraser-fish-passage/data/photos/sorted/13900201/IMG_7549.JPG,2024:10:08 10:08:12,iPhone 13 Pro Max
/Users/lucy/Library/CloudStorage/OneDrive-Personal/Projects/2024-074-sern-fraser-fish-passage/data/photos/sorted/13900201/20241008_104743_us_pool.JPG,2024:10:08 10:08:12,iPhone 13 Pro Max
/Users/lucy/Library/CloudStorage/OneDrive-Personal/Projects/2024-074-sern-fraser-fish-passage/data/photos/sorted/13900201/IMG_7550.JPG,2024:10:08 10:32:39,iPhone 13 Pro Max
/Users/lucy/Library/CloudStorage/OneDrive-Personal/Projects/2024-074-sern-fraser-fish-passage/data/photos/sorted/13900201/20241008_104733_us_gravel.JPG,2024:10:08 10:32:39,iPhone 13 Pro Max
/Users/lucy/Library/CloudStorage/OneDrive-Personal/Projects/2024-074-sern-fraser-fish-passage/data/photos/sorted/13900201/IMG_7551.JPG,2024:10:08 10:32:42,iPhone 13 Pro Max
/Users/lucy/Library/CloudStorage/OneDrive-Personal/Projects/2024-074-sern-fraser-fish-passage/data/photos/sorted/13900201/20241008_104753_us_typical_2.JPG,2024:10:08 10:32:42,iPhone 13 Pro Max
/Users/lucy/Library/CloudStorage/OneDrive-Personal/Projects/2024-074-sern-fraser-fish-passage/data/photos/sorted/13900201/IMG_7552.JPG,2024:10:08 10:32:53,iPhone 13 Pro Max
/Users/lucy/Library/CloudStorage/OneDrive-Personal/Projects/2024-074-sern-fraser-fish-passage/data/photos/sorted/13900201/20241008_104751_us_typical_1.JPG,2024:10:08 10:32:53,iPhone 13 Pro Max
/Users/lucy/Library/CloudStorage/OneDrive-Personal/Projects/2024-074-sern-fraser-fish-passage/data/photos/sorted/13900100/IMG_7570.JPG,2024:10:08 14:28:12,iPhone 13 Pro Max
/Users/lucy/Library/CloudStorage/OneDrive-Personal/Projects/2024-074-sern-fraser-fish-passage/data/photos/sorted/13900100/20241008_150637_us_gravel.JPG,2024:10:08 14:28:12,iPhone 13 Pro Max
/Users/lucy/Library/CloudStorage/OneDrive-Personal/Projects/2024-074-sern-fraser-fish-passage/data/photos/sorted/13900100/IMG_7571.JPG,2024:10:08 14:31:47,iPhone 13 Pro Max
/Users/lucy/Library/CloudStorage/OneDrive-Personal/Projects/2024-074-sern-fraser-fish-passage/data/photos/sorted/13900100/20241008_150648_us_typical_2.JPG,2024:10:08 14:31:47,iPhone 13 Pro Max
/Users/lucy/Library/CloudStorage/OneDrive-Personal/Projects/2024-074-sern-fraser-fish-passage/data/photos/sorted/13900100/IMG_7573.JPG,2024:10:08 14:56:54,iPhone 13 Pro Max
/Users/lucy/Library/CloudStorage/OneDrive-Personal/Projects/2024-074-sern-fraser-fish-passage/data/photos/sorted/13900100/20241008_150644_us_typical_1.JPG,2024:10:08 14:56:54,iPhone 13 Pro Max
/Users/lucy/Library/CloudStorage/OneDrive-Personal/Projects/2024-074-sern-fraser-fish-passage/data/photos/sorted/13900100/IMG_7574.JPG,2024:10:08 14:58:10,iPhone 13 Pro Max
/Users/lucy/Library/CloudStorage/OneDrive-Personal/Projects/2024-074-sern-fraser-fish-passage/data/photos/sorted/13900100/20241008_150640_us_pool.JPG,2024:10:08 14:58:10,iPhone 13 Pro Max
/Users/lucy/Library/CloudStorage/OneDrive-Personal/Projects/2024-074-sern-fraser-fish-passage/data/photos/sorted/13900100/IMG_7578.JPG,2024:10:08 15:27:11,iPhone 13 Pro Max
/Users/lucy/Library/CloudStorage/OneDrive-Personal/Projects/2024-074-sern-fraser-fish-passage/data/photos/sorted/13900100/20241008_154833_us2_typical_2.JPG,2024:10:08 15:27:11,iPhone 13 Pro Max
/Users/lucy/Library/CloudStorage/OneDrive-Personal/Projects/2024-074-sern-fraser-fish-passage/data/photos/sorted/13900100/IMG_7579.JPG,2024:10:08 15:42:43,iPhone 13 Pro Max
/Users/lucy/Library/CloudStorage/OneDrive-Personal/Projects/2024-074-sern-fraser-fish-passage/data/photos/sorted/13900100/20241008_154826_us2_pool.JPG,2024:10:08 15:42:43,iPhone 13 Pro Max
/Users/lucy/Library/CloudStorage/OneDrive-Personal/Projects/2024-074-sern-fraser-fish-passage/data/photos/sorted/13900100/IMG_7580.JPG,2024:10:08 15:44:07,iPhone 13 Pro Max
/Users/lucy/Library/CloudStorage/OneDrive-Personal/Projects/2024-074-sern-fraser-fish-passage/data/photos/sorted/13900100/20241008_154829_us2_typical_1.JPG,2024:10:08 15:44:07,iPhone 13 Pro Max
/Users/lucy/Library/CloudStorage/OneDrive-Personal/Projects/2024-074-sern-fraser-fish-passage/data/photos/sorted/13900100/IMG_7581.JPG,2024:10:08 15:47:26,iPhone 13 Pro Max
/Users/lucy/Library/CloudStorage/OneDrive-Personal/Projects/2024-074-sern-fraser-fish-passage/data/photos/sorted/13900100/20241008_154752_us2_confluence.JPG,2024:10:08 15:47:26,iPhone 13 Pro Max
/Users/lucy/Library/CloudStorage/OneDrive-Personal/Projects/2024-074-sern-fraser-fish-passage/data/photos/sorted/13900100/IMG_7583.JPG,2024:10:08 16:07:40,iPhone 13 Pro Max
/Users/lucy/Library/CloudStorage/OneDrive-Personal/Projects/2024-074-sern-fraser-fish-passage/data/photos/sorted/13900100/20241008_160821_us_card.JPG,2024:10:08 16:07:40,iPhone 13 Pro Max
/Users/lucy/Library/CloudStorage/OneDrive-Personal/Projects/2024-074-sern-fraser-fish-passage/data/photos/sorted/13900100/20241008_160747_us2_card.JPG,2024:10:08 16:07:40,iPhone 13 Pro Max
/Users/lucy/Library/CloudStorage/OneDrive-Personal/Projects/2024-074-sern-fraser-fish-passage/data/photos/sorted/22201229/IMG_7598.JPG,2024:10:09 09:29:55,iPhone 13 Pro Max
/Users/lucy/Library/CloudStorage/OneDrive-Personal/Projects/2024-074-sern-fraser-fish-passage/data/photos/sorted/22201229/20241009_093006_us_pool.JPG,2024:10:09 09:29:55,iPhone 13 Pro Max
/Users/lucy/Library/CloudStorage/OneDrive-Personal/Projects/2024-074-sern-fraser-fish-passage/data/photos/sorted/22201229/IMG_7601.JPG,2024:10:09 09:53:12,iPhone 13 Pro Max
/Users/lucy/Library/CloudStorage/OneDrive-Personal/Projects/2024-074-sern-fraser-fish-passage/data/photos/sorted/22201229/20241009_095352_us_lwdjam.JPG,2024:10:09 09:53:12,iPhone 13 Pro Max
/Users/lucy/Library/CloudStorage/OneDrive-Personal/Projects/2024-074-sern-fraser-fish-passage/data/photos/sorted/22201229/IMG_7604.JPG,2024:10:09 10:06:15,iPhone 13 Pro Max
/Users/lucy/Library/CloudStorage/OneDrive-Personal/Projects/2024-074-sern-fraser-fish-passage/data/photos/sorted/22201229/20241009_101535_us_typical_1.JPG,2024:10:09 10:06:15,iPhone 13 Pro Max
/Users/lucy/Library/CloudStorage/OneDrive-Personal/Projects/2024-074-sern-fraser-fish-passage/data/photos/sorted/22201229/IMG_7609.JPG,2024:10:09 10:15:13,iPhone 13 Pro Max
/Users/lucy/Library/CloudStorage/OneDrive-Personal/Projects/2024-074-sern-fraser-fish-passage/data/photos/sorted/22201229/20241009_101528_us_gravel.JPG,2024:10:09 10:15:13,iPhone 13 Pro Max
/Users/lucy/Library/CloudStorage/OneDrive-Personal/Projects/2024-074-sern-fraser-fish-passage/data/photos/sorted/22201229/IMG_7610.JPG,2024:10:09 10:15:48,iPhone 13 Pro Max
/Users/lucy/Library/CloudStorage/OneDrive-Personal/Projects/2024-074-sern-fraser-fish-passage/data/photos/sorted/22201229/20241009_101552_us_typical_2.JPG,2024:10:09 10:15:48,iPhone 13 Pro Max
/Users/lucy/Library/CloudStorage/OneDrive-Personal/Projects/2024-074-sern-fraser-fish-passage/data/photos/sorted/22201229/TC_00030.JPG,2024:10:09 10:16:28,iPhone 11
/Users/lucy/Library/CloudStorage/OneDrive-Personal/Projects/2024-074-sern-fraser-fish-passage/data/photos/sorted/22201229/20241009_104443_ds_logjam.JPG,2024:10:09 10:16:28,iPhone 11
/Users/lucy/Library/CloudStorage/OneDrive-Personal/Projects/2024-074-sern-fraser-fish-passage/data/photos/sorted/22201229/TC_00031.JPG,2024:10:09 10:21:53,iPhone 11
/Users/lucy/Library/CloudStorage/OneDrive-Personal/Projects/2024-074-sern-fraser-fish-passage/data/photos/sorted/22201229/20241009_104457_ds_erodingbanks.JPG,2024:10:09 10:21:53,iPhone 11
/Users/lucy/Library/CloudStorage/OneDrive-Personal/Projects/2024-074-sern-fraser-fish-passage/data/photos/sorted/22201229/TC_00039.JPG,2024:10:09 10:28:13,iPhone 11
/Users/lucy/Library/CloudStorage/OneDrive-Personal/Projects/2024-074-sern-fraser-fish-passage/data/photos/sorted/22201229/20241009_104423_ds_gravel.JPG,2024:10:09 10:28:13,iPhone 11
/Users/lucy/Library/CloudStorage/OneDrive-Personal/Projects/2024-074-sern-fraser-fish-passage/data/photos/sorted/22201229/TC_00040.JPG,2024:10:09 10:28:22,iPhone 11
/Users/lucy/Library/CloudStorage/OneDrive-Personal/Projects/2024-074-sern-fraser-fish-passage/data/photos/sorted/22201229/20241009_104434_ds_typical_2.JPG,2024:10:09 10:28:22,iPhone 11
/Users/lucy/Library/CloudStorage/OneDrive-Personal/Projects/2024-074-sern-fraser-fish-passage/data/photos/sorted/22201229/TC_00041.JPG,2024:10:09 10:28:26,iPhone 11
/Users/lucy/Library/CloudStorage/OneDrive-Personal/Projects/2024-074-sern-fraser-fish-passage/data/photos/sorted/22201229/20241009_104534_ds_extra4.JPG,2024:10:09 10:28:26,iPhone 11
/Users/lucy/Library/CloudStorage/OneDrive-Personal/Projects/2024-074-sern-fraser-fish-passage/data/photos/sorted/22201229/TC_00044.JPG,2024:10:09 10:29:28,iPhone 11
/Users/lucy/Library/CloudStorage/OneDrive-Personal/Projects/2024-074-sern-fraser-fish-passage/data/photos/sorted/22201229/20241009_104430_ds_typical_1.JPG,2024:10:09 10:29:28,iPhone 11
/Users/lucy/Library/CloudStorage/OneDrive-Personal/Projects/2024-074-sern-fraser-fish-passage/data/photos/sorted/22201229/20241009_104438_ds_na.JPG,2024:10:09 10:29:52,iPhone 11
/Users/lucy/Library/CloudStorage/OneDrive-Personal/Projects/2024-074-sern-fraser-fish-passage/data/photos/sorted/22201229/20241009_104953_downstream_2.JPG,2024:10:09 10:29:52,iPhone 11
/Users/lucy/Library/CloudStorage/OneDrive-Personal/Projects/2024-074-sern-fraser-fish-passage/data/photos/sorted/22201229/TC_00048.JPG,2024:10:09 10:31:28,iPhone 11
/Users/lucy/Library/CloudStorage/OneDrive-Personal/Projects/2024-074-sern-fraser-fish-passage/data/photos/sorted/22201229/20241009_104426_ds_pool.JPG,2024:10:09 10:31:28,iPhone 11
/Users/lucy/Library/CloudStorage/OneDrive-Personal/Projects/2024-074-sern-fraser-fish-passage/data/photos/sorted/22201229/TC_00051.JPG,2024:10:09 10:45:47,iPhone 11
/Users/lucy/Library/CloudStorage/OneDrive-Personal/Projects/2024-074-sern-fraser-fish-passage/data/photos/sorted/22201229/20241009_104553_ds_card.JPG,2024:10:09 10:45:47,iPhone 11
/Users/lucy/Library/CloudStorage/OneDrive-Personal/Projects/2024-074-sern-fraser-fish-passage/data/photos/sorted/22201176/IMG_7619.JPG,2024:10:09 12:23:17,iPhone 13 Pro Max
/Users/lucy/Library/CloudStorage/OneDrive-Personal/Projects/2024-074-sern-fraser-fish-passage/data/photos/sorted/22201176/20241009_133121_us_pool.JPG,2024:10:09 12:23:17,iPhone 13 Pro Max
/Users/lucy/Library/CloudStorage/OneDrive-Personal/Projects/2024-074-sern-fraser-fish-passage/data/photos/sorted/22201176/IMG_7620.JPG,2024:10:09 12:23:26,iPhone 13 Pro Max
/Users/lucy/Library/CloudStorage/OneDrive-Personal/Projects/2024-074-sern-fraser-fish-passage/data/photos/sorted/22201176/20241009_133133_us_typical_1.JPG,2024:10:09 12:23:26,iPhone 13 Pro Max
/Users/lucy/Library/CloudStorage/OneDrive-Personal/Projects/2024-074-sern-fraser-fish-passage/data/photos/sorted/22201176/TC_00073.JPG,2024:10:09 12:46:43,iPhone 11
/Users/lucy/Library/CloudStorage/OneDrive-Personal/Projects/2024-074-sern-fraser-fish-passage/data/photos/sorted/22201176/20241009_132726_ds_concretblocks.JPG,2024:10:09 12:46:43,iPhone 11
/Users/lucy/Library/CloudStorage/OneDrive-Personal/Projects/2024-074-sern-fraser-fish-passage/data/photos/sorted/22201176/TC_00077.JPG,2024:10:09 12:50:13,iPhone 11
/Users/lucy/Library/CloudStorage/OneDrive-Personal/Projects/2024-074-sern-fraser-fish-passage/data/photos/sorted/22201176/20241009_132741_ds_extra4.JPG,2024:10:09 12:50:13,iPhone 11
/Users/lucy/Library/CloudStorage/OneDrive-Personal/Projects/2024-074-sern-fraser-fish-passage/data/photos/sorted/22201176/IMG_7627.JPG,2024:10:09 12:56:18,iPhone 13 Pro Max
/Users/lucy/Library/CloudStorage/OneDrive-Personal/Projects/2024-074-sern-fraser-fish-passage/data/photos/sorted/22201176/20241009_133138_us_typical_2.JPG,2024:10:09 12:56:18,iPhone 13 Pro Max
/Users/lucy/Library/CloudStorage/OneDrive-Personal/Projects/2024-074-sern-fraser-fish-passage/data/photos/sorted/22201176/20241009_132644_ds_typical_2.JPG,2024:10:09 13:03:25,iPhone 11
/Users/lucy/Library/CloudStorage/OneDrive-Personal/Projects/2024-074-sern-fraser-fish-passage/data/photos/sorted/22201176/20241009_134902_downstream_2.JPG,2024:10:09 13:03:25,iPhone 11
/Users/lucy/Library/CloudStorage/OneDrive-Personal/Projects/2024-074-sern-fraser-fish-passage/data/photos/sorted/22201176/TC_00093.JPG,2024:10:09 13:04:00,iPhone 11
/Users/lucy/Library/CloudStorage/OneDrive-Personal/Projects/2024-074-sern-fraser-fish-passage/data/photos/sorted/22201176/20241009_132633_ds_typical_1.JPG,2024:10:09 13:04:00,iPhone 11
/Users/lucy/Library/CloudStorage/OneDrive-Personal/Projects/2024-074-sern-fraser-fish-passage/data/photos/sorted/22201176/TC_00096.JPG,2024:10:09 13:06:39,iPhone 11
/Users/lucy/Library/CloudStorage/OneDrive-Personal/Projects/2024-074-sern-fraser-fish-passage/data/photos/sorted/22201176/20241009_132623_ds_gravel.JPG,2024:10:09 13:06:39,iPhone 11
/Users/lucy/Library/CloudStorage/OneDrive-Personal/Projects/2024-074-sern-fraser-fish-passage/data/photos/sorted/22201176/TC_00098.JPG,2024:10:09 13:10:04,iPhone 11
/Users/lucy/Library/CloudStorage/OneDrive-Personal/Projects/2024-074-sern-fraser-fish-passage/data/photos/sorted/22201176/20241009_132648_ds_cattlepens.JPG,2024:10:09 13:10:04,iPhone 11
/Users/lucy/Library/CloudStorage/OneDrive-Personal/Projects/2024-074-sern-fraser-fish-passage/data/photos/sorted/22201176/TC_00101.JPG,2024:10:09 13:10:20,iPhone 11
/Users/lucy/Library/CloudStorage/OneDrive-Personal/Projects/2024-074-sern-fraser-fish-passage/data/photos/sorted/22201176/20241009_132705_ds_cattlepens.JPG,2024:10:09 13:10:20,iPhone 11
/Users/lucy/Library/CloudStorage/OneDrive-Personal/Projects/2024-074-sern-fraser-fish-passage/data/photos/sorted/22201176/TC_00104.JPG,2024:10:09 13:13:11,iPhone 11
/Users/lucy/Library/CloudStorage/OneDrive-Personal/Projects/2024-074-sern-fraser-fish-passage/data/photos/sorted/22201176/20241009_132629_ds_pool.JPG,2024:10:09 13:13:11,iPhone 11
/Users/lucy/Library/CloudStorage/OneDrive-Personal/Projects/2024-074-sern-fraser-fish-passage/data/photos/sorted/22201176/TC_00105.JPG,2024:10:09 13:31:23,iPhone 11
/Users/lucy/Library/CloudStorage/OneDrive-Personal/Projects/2024-074-sern-fraser-fish-passage/data/photos/sorted/22201176/20241009_133128_ds_card.JPG,2024:10:09 13:31:23,iPhone 11
/Users/lucy/Library/CloudStorage/OneDrive-Personal/Projects/2024-074-sern-fraser-fish-passage/data/photos/sorted/22201176/IMG_7646.JPG,2024:10:09 15:09:11,iPhone 13 Pro Max
/Users/lucy/Library/CloudStorage/OneDrive-Personal/Projects/2024-074-sern-fraser-fish-passage/data/photos/sorted/22201176/20241009_150917_us_card.JPG,2024:10:09 15:09:11,iPhone 13 Pro Max
